fmt,type,reserve_bit1       ,tc       ,reserve_bit2       ,attr1       ,reserve_bit3       ,th          ,td          ,ep          ,attr0       ,at          ,length      ,requester_id,tag         ,last_dw_be  ,first_dw_be ,completer_id,reserve_bit4,ext_register_number,register_number    ,reserve_bit5       ,payload            ,
0x2,0x5,0x0,0x0,0x0,0x0,0x0,0x0,0x0,0x0,0x0,0x0,0x2e8,0x4c6f,0x5,0x0,0x3,0x0,0x0,0x0,0x3f,0x0,0xff5c8a68
0x2,0x4,0x0,0x0,0x0,0x0,0x0,0x0,0x0,0x0,0x0,0x0,0x58,0xc987,0x8a,0x0,0x3,0x0,0x0,0x0,0x0,0x0,0xda1f9cdb
0x2,0x5,0x0,0x0,0x0,0x0,0x0,0x0,0x0,0x0,0x0,0x0,0x1c8,0x9a79,0x86,0x0,0x3,0x0,0x0,0x0,0x3f,0x0,0xd9941730
0x0,0x4,0x0,0x0,0x0,0x0,0x0,0x0,0x0,0x0,0x0,0x0,0x98,0x281c,0xe8,0x0,0x3,0x0,0x0,0x0,0x0,0x0,0x0
0x2,0x5,0x0,0x0,0x0,0x0,0x0,0x0,0x0,0x0,0x0,0x0,0x123,0xf03,0xef,0x0,0x3,0x0,0x0,0x0,0x0,0x0,0xd9b03de8
0x2,0x4,0x0,0x0,0x0,0x0,0x0,0x0,0x0,0x0,0x0,0x0,0x126,0x2b34,0xea,0x0,0x3,0x0,0x0,0x0,0x0,0x0,0xd0de5129
0x2,0x5,0x0,0x0,0x0,0x0,0x0,0x0,0x0,0x0,0x0,0x0,0x362,0x6999,0x66,0x0,0x3,0x0,0x0,0x0,0x3f,0x0,0xc2f521cc
0x0,0x4,0x0,0x0,0x0,0x0,0x0,0x0,0x0,0x0,0x0,0x0,0x20b,0xf428,0xb0,0x0,0x3,0x0,0x0,0x0,0x3f,0x0,0x0
0x0,0x5,0x0,0x0,0x0,0x0,0x0,0x0,0x0,0x0,0x0,0x0,0x1e4,0x45fc,0x77,0x0,0x3,0x0,0x0,0x0,0x3f,0x0,0x0
0x0,0x4,0x0,0x0,0x0,0x0,0x0,0x0,0x0,0x0,0x0,0x0,0x35c,0x1a38,0x25,0x0,0x3,0x0,0x0,0x0,0x0,0x0,0x0
0x0,0x5,0x0,0x0,0x0,0x0,0x0,0x0,0x0,0x0,0x0,0x0,0x65,0xed65,0x5e,0x0,0x3,0x0,0x0,0x0,0x3f,0x0,0x0
0x2,0x5,0x0,0x0,0x0,0x0,0x0,0x0,0x0,0x0,0x0,0x0,0x2a0,0xf5a4,0xe9,0x0,0x3,0x0,0x0,0x0,0x0,0x0,0xa65160f3
0x2,0x4,0x0,0x0,0x0,0x0,0x0,0x0,0x0,0x0,0x0,0x0,0x286,0x7762,0x50,0x0,0x3,0x0,0x0,0x0,0x0,0x0,0x5846cc25
0x0,0x4,0x0,0x0,0x0,0x0,0x0,0x0,0x0,0x0,0x0,0x0,0xf7,0x950,0x1d,0x0,0x3,0x0,0x0,0x0,0x3f,0x0,0x0
0x0,0x4,0x0,0x0,0x0,0x0,0x0,0x0,0x0,0x0,0x0,0x0,0x15,0x9051,0x19,0x0,0x3,0x0,0x0,0x0,0x3f,0x0,0x0
0x2,0x4,0x0,0x0,0x0,0x0,0x0,0x0,0x0,0x0,0x0,0x0,0x238,0xaa17,0xb3,0x0,0x3,0x0,0x0,0x0,0x3f,0x0,0xa0b21ce1
0x2,0x4,0x0,0x0,0x0,0x0,0x0,0x0,0x0,0x0,0x0,0x0,0x3d4,0x3f33,0xde,0x0,0x3,0x0,0x0,0x0,0x0,0x0,0x6f28c2e8
0x0,0x5,0x0,0x0,0x0,0x0,0x0,0x0,0x0,0x0,0x0,0x0,0x213,0x7dc0,0x83,0x0,0x3,0x0,0x0,0x0,0x0,0x0,0x0
0x0,0x5,0x0,0x0,0x0,0x0,0x0,0x0,0x0,0x0,0x0,0x0,0xe5,0x40fa,0x19,0x0,0x3,0x0,0x0,0x0,0x3f,0x0,0x0
0x0,0x5,0x0,0x0,0x0,0x0,0x0,0x0,0x0,0x0,0x0,0x0,0x3fa,0x1ffc,0x96,0x0,0x3,0x0,0x0,0x0,0x0,0x0,0x0
0x0,0x5,0x0,0x0,0x0,0x0,0x0,0x0,0x0,0x0,0x0,0x0,0x184,0xbd4d,0x5a,0x0,0x3,0x0,0x0,0x0,0x0,0x0,0x0
0x0,0x4,0x0,0x0,0x0,0x0,0x0,0x0,0x0,0x0,0x0,0x0,0x22e,0xd8af,0x67,0x0,0x3,0x0,0x0,0x0,0x3f,0x0,0x0
0x0,0x4,0x0,0x0,0x0,0x0,0x0,0x0,0x0,0x0,0x0,0x0,0x2ec,0x68f5,0x88,0x0,0x3,0x0,0x0,0x0,0x3f,0x0,0x0
0x2,0x4,0x0,0x0,0x0,0x0,0x0,0x0,0x0,0x0,0x0,0x0,0x25,0xaccc,0x92,0x0,0x3,0x0,0x0,0x0,0x3f,0x0,0x195e9cdc
0x2,0x5,0x0,0x0,0x0,0x0,0x0,0x0,0x0,0x0,0x0,0x0,0x20d,0xca75,0x42,0x0,0x3,0x0,0x0,0x0,0x3f,0x0,0xcf4d3a02
0x0,0x4,0x0,0x0,0x0,0x0,0x0,0x0,0x0,0x0,0x0,0x0,0x21e,0xd69e,0x9d,0x0,0x3,0x0,0x0,0x0,0x3f,0x0,0x0
0x2,0x4,0x0,0x0,0x0,0x0,0x0,0x0,0x0,0x0,0x0,0x0,0x234,0x625b,0xf7,0x0,0x3,0x0,0x0,0x0,0x0,0x0,0x6ab488c4
0x2,0x5,0x0,0x0,0x0,0x0,0x0,0x0,0x0,0x0,0x0,0x0,0x30f,0x889,0x62,0x0,0x3,0x0,0x0,0x0,0x0,0x0,0xb621b9e6
0x0,0x4,0x0,0x0,0x0,0x0,0x0,0x0,0x0,0x0,0x0,0x0,0x3dd,0x29b3,0xa8,0x0,0x3,0x0,0x0,0x0,0x0,0x0,0x0
0x2,0x5,0x0,0x0,0x0,0x0,0x0,0x0,0x0,0x0,0x0,0x0,0x180,0xd1f8,0xe5,0x0,0x3,0x0,0x0,0x0,0x3f,0x0,0x95af3778
0x0,0x5,0x0,0x0,0x0,0x0,0x0,0x0,0x0,0x0,0x0,0x0,0x2ea,0x8589,0x55,0x0,0x3,0x0,0x0,0x0,0x3f,0x0,0x0
0x0,0x5,0x0,0x0,0x0,0x0,0x0,0x0,0x0,0x0,0x0,0x0,0x6c,0x79ed,0xe0,0x0,0x3,0x0,0x0,0x0,0x3f,0x0,0x0
0x2,0x4,0x0,0x0,0x0,0x0,0x0,0x0,0x0,0x0,0x0,0x0,0x2af,0x468a,0x42,0x0,0x3,0x0,0x0,0x0,0x0,0x0,0x9a0ed9ec
0x0,0x5,0x0,0x0,0x0,0x0,0x0,0x0,0x0,0x0,0x0,0x0,0x324,0x7370,0xe5,0x0,0x3,0x0,0x0,0x0,0x0,0x0,0x0
0x0,0x4,0x0,0x0,0x0,0x0,0x0,0x0,0x0,0x0,0x0,0x0,0x4c,0xfc7c,0x5d,0x0,0x3,0x0,0x0,0x0,0x0,0x0,0x0
0x2,0x5,0x0,0x0,0x0,0x0,0x0,0x0,0x0,0x0,0x0,0x0,0x366,0xbbb2,0x8a,0x0,0x3,0x0,0x0,0x0,0x3f,0x0,0xff39ebf7
0x0,0x5,0x0,0x0,0x0,0x0,0x0,0x0,0x0,0x0,0x0,0x0,0x1c0,0x936f,0xe5,0x0,0x3,0x0,0x0,0x0,0x3f,0x0,0x0
0x2,0x5,0x0,0x0,0x0,0x0,0x0,0x0,0x0,0x0,0x0,0x0,0x3c7,0xfb3b,0xa4,0x0,0x3,0x0,0x0,0x0,0x0,0x0,0xaa45271a
0x0,0x4,0x0,0x0,0x0,0x0,0x0,0x0,0x0,0x0,0x0,0x0,0x2f0,0xe4b1,0x77,0x0,0x3,0x0,0x0,0x0,0x3f,0x0,0x0
0x2,0x5,0x0,0x0,0x0,0x0,0x0,0x0,0x0,0x0,0x0,0x0,0xde,0x97ce,0x68,0x0,0x3,0x0,0x0,0x0,0x3f,0x0,0xb1b64f37
0x0,0x5,0x0,0x0,0x0,0x0,0x0,0x0,0x0,0x0,0x0,0x0,0x3cc,0x7c42,0x47,0x0,0x3,0x0,0x0,0x0,0x3f,0x0,0x0
0x2,0x5,0x0,0x0,0x0,0x0,0x0,0x0,0x0,0x0,0x0,0x0,0xc3,0xa880,0x6d,0x0,0x3,0x0,0x0,0x0,0x0,0x0,0x29ccb826
0x2,0x5,0x0,0x0,0x0,0x0,0x0,0x0,0x0,0x0,0x0,0x0,0x3ce,0xf859,0x22,0x0,0x3,0x0,0x0,0x0,0x0,0x0,0x6e136628
0x2,0x4,0x0,0x0,0x0,0x0,0x0,0x0,0x0,0x0,0x0,0x0,0x372,0xe0a5,0xa4,0x0,0x3,0x0,0x0,0x0,0x3f,0x0,0x9603b2e7
0x2,0x5,0x0,0x0,0x0,0x0,0x0,0x0,0x0,0x0,0x0,0x0,0x35,0x8c94,0x87,0x0,0x3,0x0,0x0,0x0,0x0,0x0,0xad1f8b76
0x2,0x5,0x0,0x0,0x0,0x0,0x0,0x0,0x0,0x0,0x0,0x0,0x23e,0x3de5,0x30,0x0,0x3,0x0,0x0,0x0,0x3f,0x0,0xfa17a7cf
0x0,0x5,0x0,0x0,0x0,0x0,0x0,0x0,0x0,0x0,0x0,0x0,0x25c,0x294d,0x20,0x0,0x3,0x0,0x0,0x0,0x3f,0x0,0x0
0x0,0x5,0x0,0x0,0x0,0x0,0x0,0x0,0x0,0x0,0x0,0x0,0x124,0xa820,0x8b,0x0,0x3,0x0,0x0,0x0,0x0,0x0,0x0
0x0,0x4,0x0,0x0,0x0,0x0,0x0,0x0,0x0,0x0,0x0,0x0,0x173,0x2a57,0x66,0x0,0x3,0x0,0x0,0x0,0x3f,0x0,0x0
0x2,0x5,0x0,0x0,0x0,0x0,0x0,0x0,0x0,0x0,0x0,0x0,0x9a,0x1bdb,0x8d,0x0,0x3,0x0,0x0,0x0,0x0,0x0,0x2cb4c3fb
0x0,0x4,0x0,0x0,0x0,0x0,0x0,0x0,0x0,0x0,0x0,0x0,0x3bf,0x3ec5,0x5b,0x0,0x3,0x0,0x0,0x0,0x0,0x0,0x0
0x2,0x5,0x0,0x0,0x0,0x0,0x0,0x0,0x0,0x0,0x0,0x0,0x35c,0x915a,0x5b,0x0,0x3,0x0,0x0,0x0,0x3f,0x0,0x9bacde8a
0x0,0x5,0x0,0x0,0x0,0x0,0x0,0x0,0x0,0x0,0x0,0x0,0x35d,0x3e9a,0x56,0x0,0x3,0x0,0x0,0x0,0x3f,0x0,0x0
0x0,0x4,0x0,0x0,0x0,0x0,0x0,0x0,0x0,0x0,0x0,0x0,0x387,0x59d4,0x48,0x0,0x3,0x0,0x0,0x0,0x3f,0x0,0x0
0x2,0x5,0x0,0x0,0x0,0x0,0x0,0x0,0x0,0x0,0x0,0x0,0xf2,0x6e48,0x7a,0x0,0x3,0x0,0x0,0x0,0x3f,0x0,0x1cdef13
0x2,0x4,0x0,0x0,0x0,0x0,0x0,0x0,0x0,0x0,0x0,0x0,0xf1,0x60d7,0x49,0x0,0x3,0x0,0x0,0x0,0x3f,0x0,0xa0fa1185
0x0,0x5,0x0,0x0,0x0,0x0,0x0,0x0,0x0,0x0,0x0,0x0,0x216,0x20d0,0x18,0x0,0x3,0x0,0x0,0x0,0x3f,0x0,0x0
0x0,0x5,0x0,0x0,0x0,0x0,0x0,0x0,0x0,0x0,0x0,0x0,0x33d,0x8ea7,0x12,0x0,0x3,0x0,0x0,0x0,0x0,0x0,0x0
0x0,0x4,0x0,0x0,0x0,0x0,0x0,0x0,0x0,0x0,0x0,0x0,0x3b8,0x8c17,0x8c,0x0,0x3,0x0,0x0,0x0,0x0,0x0,0x0
0x0,0x5,0x0,0x0,0x0,0x0,0x0,0x0,0x0,0x0,0x0,0x0,0x3f1,0x47c3,0x2c,0x0,0x3,0x0,0x0,0x0,0x3f,0x0,0x0
0x2,0x5,0x0,0x0,0x0,0x0,0x0,0x0,0x0,0x0,0x0,0x0,0x209,0xeefc,0x6c,0x0,0x3,0x0,0x0,0x0,0x3f,0x0,0x560d7f12
0x2,0x5,0x0,0x0,0x0,0x0,0x0,0x0,0x0,0x0,0x0,0x0,0x58,0x7bfc,0x98,0x0,0x3,0x0,0x0,0x0,0x3f,0x0,0x9d958d66
0x2,0x4,0x0,0x0,0x0,0x0,0x0,0x0,0x0,0x0,0x0,0x0,0x112,0x1e3,0x60,0x0,0x3,0x0,0x0,0x0,0x0,0x0,0xedc0970f
0x0,0x4,0x0,0x0,0x0,0x0,0x0,0x0,0x0,0x0,0x0,0x0,0x6f,0x9c23,0x8e,0x0,0x3,0x0,0x0,0x0,0x3f,0x0,0x0
0x0,0x4,0x0,0x0,0x0,0x0,0x0,0x0,0x0,0x0,0x0,0x0,0x164,0x5c25,0xeb,0x0,0x3,0x0,0x0,0x0,0x0,0x0,0x0
0x2,0x4,0x0,0x0,0x0,0x0,0x0,0x0,0x0,0x0,0x0,0x0,0x1c5,0x9eef,0x2,0x0,0x3,0x0,0x0,0x0,0x3f,0x0,0x95922b30
0x0,0x4,0x0,0x0,0x0,0x0,0x0,0x0,0x0,0x0,0x0,0x0,0x52,0x985a,0xbf,0x0,0x3,0x0,0x0,0x0,0x3f,0x0,0x0
0x0,0x4,0x0,0x0,0x0,0x0,0x0,0x0,0x0,0x0,0x0,0x0,0x393,0x17ba,0x93,0x0,0x3,0x0,0x0,0x0,0x3f,0x0,0x0
0x0,0x5,0x0,0x0,0x0,0x0,0x0,0x0,0x0,0x0,0x0,0x0,0x74,0x2795,0xb9,0x0,0x3,0x0,0x0,0x0,0x3f,0x0,0x0
0x2,0x5,0x0,0x0,0x0,0x0,0x0,0x0,0x0,0x0,0x0,0x0,0xaf,0x1665,0xe4,0x0,0x3,0x0,0x0,0x0,0x3f,0x0,0x78ae9b50
0x2,0x5,0x0,0x0,0x0,0x0,0x0,0x0,0x0,0x0,0x0,0x0,0x243,0x3cf,0xf5,0x0,0x3,0x0,0x0,0x0,0x3f,0x0,0x65db0936
0x2,0x5,0x0,0x0,0x0,0x0,0x0,0x0,0x0,0x0,0x0,0x0,0x11a,0x825d,0x66,0x0,0x3,0x0,0x0,0x0,0x3f,0x0,0xb36063dd
0x0,0x4,0x0,0x0,0x0,0x0,0x0,0x0,0x0,0x0,0x0,0x0,0xec,0xa6ad,0x28,0x0,0x3,0x0,0x0,0x0,0x3f,0x0,0x0
0x0,0x5,0x0,0x0,0x0,0x0,0x0,0x0,0x0,0x0,0x0,0x0,0x3d1,0xef46,0xc8,0x0,0x3,0x0,0x0,0x0,0x0,0x0,0x0
0x0,0x5,0x0,0x0,0x0,0x0,0x0,0x0,0x0,0x0,0x0,0x0,0x190,0x3773,0xf8,0x0,0x3,0x0,0x0,0x0,0x3f,0x0,0x0
0x0,0x5,0x0,0x0,0x0,0x0,0x0,0x0,0x0,0x0,0x0,0x0,0x2c4,0x9f9c,0x0,0x0,0x3,0x0,0x0,0x0,0x3f,0x0,0x0
0x2,0x5,0x0,0x0,0x0,0x0,0x0,0x0,0x0,0x0,0x0,0x0,0x2ab,0xdc9f,0x2,0x0,0x3,0x0,0x0,0x0,0x0,0x0,0x5191139f
0x0,0x5,0x0,0x0,0x0,0x0,0x0,0x0,0x0,0x0,0x0,0x0,0x118,0x7f5c,0xc2,0x0,0x3,0x0,0x0,0x0,0x0,0x0,0x0
0x0,0x4,0x0,0x0,0x0,0x0,0x0,0x0,0x0,0x0,0x0,0x0,0x33,0x3608,0x48,0x0,0x3,0x0,0x0,0x0,0x0,0x0,0x0
0x2,0x5,0x0,0x0,0x0,0x0,0x0,0x0,0x0,0x0,0x0,0x0,0x168,0x6b74,0x19,0x0,0x3,0x0,0x0,0x0,0x3f,0x0,0x7b3096c2
0x0,0x4,0x0,0x0,0x0,0x0,0x0,0x0,0x0,0x0,0x0,0x0,0x46,0x6e30,0x2f,0x0,0x3,0x0,0x0,0x0,0x3f,0x0,0x0
0x2,0x5,0x0,0x0,0x0,0x0,0x0,0x0,0x0,0x0,0x0,0x0,0x170,0x25ba,0xa1,0x0,0x3,0x0,0x0,0x0,0x3f,0x0,0x3a991bf0
0x0,0x4,0x0,0x0,0x0,0x0,0x0,0x0,0x0,0x0,0x0,0x0,0x283,0x33a0,0x8a,0x0,0x3,0x0,0x0,0x0,0x3f,0x0,0x0
0x2,0x4,0x0,0x0,0x0,0x0,0x0,0x0,0x0,0x0,0x0,0x0,0x16a,0xd287,0xe1,0x0,0x3,0x0,0x0,0x0,0x0,0x0,0x98156da4
0x0,0x4,0x0,0x0,0x0,0x0,0x0,0x0,0x0,0x0,0x0,0x0,0xda,0x17f9,0x84,0x0,0x3,0x0,0x0,0x0,0x0,0x0,0x0
0x0,0x4,0x0,0x0,0x0,0x0,0x0,0x0,0x0,0x0,0x0,0x0,0x359,0xdd96,0xc1,0x0,0x3,0x0,0x0,0x0,0x0,0x0,0x0
0x2,0x4,0x0,0x0,0x0,0x0,0x0,0x0,0x0,0x0,0x0,0x0,0x38b,0xe45,0xba,0x0,0x3,0x0,0x0,0x0,0x3f,0x0,0x40b53695
0x2,0x5,0x0,0x0,0x0,0x0,0x0,0x0,0x0,0x0,0x0,0x0,0x32b,0x2a61,0x99,0x0,0x3,0x0,0x0,0x0,0x0,0x0,0x176cf3e5
0x2,0x4,0x0,0x0,0x0,0x0,0x0,0x0,0x0,0x0,0x0,0x0,0x182,0xc830,0xb3,0x0,0x3,0x0,0x0,0x0,0x3f,0x0,0x449e8a45
0x0,0x4,0x0,0x0,0x0,0x0,0x0,0x0,0x0,0x0,0x0,0x0,0x110,0xc96a,0x83,0x0,0x3,0x0,0x0,0x0,0x0,0x0,0x0
0x2,0x5,0x0,0x0,0x0,0x0,0x0,0x0,0x0,0x0,0x0,0x0,0x3c9,0xc2e3,0xf,0x0,0x3,0x0,0x0,0x0,0x0,0x0,0x8469eb94
0x2,0x4,0x0,0x0,0x0,0x0,0x0,0x0,0x0,0x0,0x0,0x0,0x3db,0x39c2,0x4f,0x0,0x3,0x0,0x0,0x0,0x0,0x0,0x5828e985
0x2,0x4,0x0,0x0,0x0,0x0,0x0,0x0,0x0,0x0,0x0,0x0,0x32e,0x5b30,0x7c,0x0,0x3,0x0,0x0,0x0,0x0,0x0,0xef92bfe3
0x2,0x5,0x0,0x0,0x0,0x0,0x0,0x0,0x0,0x0,0x0,0x0,0x3a2,0xbc14,0xfe,0x0,0x3,0x0,0x0,0x0,0x3f,0x0,0x180f7892
0x2,0x5,0x0,0x0,0x0,0x0,0x0,0x0,0x0,0x0,0x0,0x0,0x186,0x8f3b,0x78,0x0,0x3,0x0,0x0,0x0,0x3f,0x0,0x78636775
0x2,0x5,0x0,0x0,0x0,0x0,0x0,0x0,0x0,0x0,0x0,0x0,0x1f0,0x6d9f,0xef,0x0,0x3,0x0,0x0,0x0,0x0,0x0,0xec5dcb9d
0x2,0x4,0x0,0x0,0x0,0x0,0x0,0x0,0x0,0x0,0x0,0x0,0x342,0xb142,0xe2,0x0,0x3,0x0,0x0,0x0,0x0,0x0,0x1337534d
0x2,0x5,0x0,0x0,0x0,0x0,0x0,0x0,0x0,0x0,0x0,0x0,0x4b,0x6f5f,0x46,0x0,0x3,0x0,0x0,0x0,0x0,0x0,0x9b6ac88a
0x2,0x4,0x0,0x0,0x0,0x0,0x0,0x0,0x0,0x0,0x0,0x0,0x157,0xfade,0xf3,0x0,0x3,0x0,0x0,0x0,0x3f,0x0,0x2e993488
0x2,0x4,0x0,0x0,0x0,0x0,0x0,0x0,0x0,0x0,0x0,0x0,0xd5,0x4df4,0xd4,0x0,0x3,0x0,0x0,0x0,0x3f,0x0,0x365a5b2
